sdk:setup|4164
sdk:setup|4118
sdk:setup|4125
sdk:setup|4145
sdk:setup|4158
sdk:setup|4098
sdk:setup|4181
sdk:setup|4123
sdk:setup|4158
sdk:setup|3892
sdk:setup|4004
sdk:setup|4031
sdk:setup|4023
sdk:setup|4005
sdk:setup|4156
sdk:setup|4140
sdk:setup|4191
sdk:setup|4191
sdk:setup|4187
sdk:setup|4186
sdk:setup|4247
sdk:setup|4144
sdk:setup|4141
sdk:setup|11054
sdk:setup|11061
sdk:setup|11056
sdk:setup|4098
sdk:setup|4097
sdk:setup|4089
sdk:setup|4164
sdk:setup|4134
sdk:setup|4179
sdk:setup|4168
sdk:setup|4211
sdk:setup|4159
sdk:setup|4102
sdk:setup|4077
sdk:setup|3996
sdk:setup|4063
sdk:setup|4102
sdk:setup|4091
sdk:setup|4051
sdk:setup|4223
sdk:setup|4253
sdk:setup|4254
sdk:setup|4162
sdk:setup|4170
sdk:setup|4165
sdk:setup|4110
sdk:setup|4092
sdk:setup|4092
sdk:setup|4202
sdk:setup|4200
sdk:setup|4194
sdk:setup|4214
sdk:setup|4191
sdk:setup|4236
sdk:setup|4188
sdk:setup|4203
sdk:setup|4163
sdk:setup|3125
sdk:setup|3154
sdk:setup|3148
sdk:setup|3135
sdk:setup|3164
sdk:setup|3227
sdk:setup|3189
sdk:setup|3254
sdk:setup|3211
sdk:setup|3423
sdk:setup|3389
sdk:setup|3386
sdk:setup|3227
sdk:setup|3135
sdk:setup|3183
sdk:setup|3192
sdk:setup|3288
sdk:setup|3314
sdk:setup|3082
sdk:setup|3084
sdk:setup|3177
sdk:setup|3170
sdk:setup|3172
sdk:setup|3198
sdk:setup|3156
sdk:setup|3122
sdk:setup|3104
sdk:setup|3158
sdk:setup|3164
sdk:setup|3218
sdk:setup|3231
sdk:setup|3260
sdk:setup|3231
sdk:setup|3333
sdk:setup|3344
sdk:setup|3281
sdk:setup|3285
sdk:setup|3235
sdk:setup|3189
sdk:setup|3129
sdk:setup|3178
sdk:setup|3138
sdk:setup|3080
sdk:setup|3143
sdk:setup|3142
sdk:setup|3280
sdk:setup|3267
sdk:setup|3291
sdk:setup|3111
sdk:setup|3073
sdk:setup|3127
sdk:setup|3115
sdk:setup|3100
sdk:setup|3143
sdk:setup|3154
sdk:setup|3138
sdk:setup|3105
sdk:setup|3179
sdk:setup|3196
sdk:setup|3140
sdk:setup|3124
sdk:setup|3158
sdk:setup|3171
sdk:setup|3176
sdk:setup|3072
sdk:setup|3166
sdk:setup|3312
sdk:setup|3410
sdk:setup|3604
sdk:setup|3397
sdk:setup|3412
sdk:setup|3438
sdk:setup|3397
sdk:setup|3459
sdk:setup|3521
sdk:setup|3313
sdk:setup|3324
sdk:setup|3303
sdk:setup|3522
sdk:setup|3388
sdk:setup|3317
sdk:setup|3170
sdk:setup|3093
sdk:setup|3177
sdk:setup|3125
sdk:setup|3155
sdk:setup|3099
sdk:setup|3167
sdk:setup|3176
sdk:setup|3170
sdk:setup|3176
sdk:setup|3070
sdk:setup|3100
sdk:setup|3017
sdk:setup|2962
sdk:setup|2877
sdk:setup|2871
sdk:setup|2947
sdk:setup|2991
sdk:setup|2886
sdk:setup|3039
sdk:setup|2875
sdk:setup|3011
sdk:setup|2931
sdk:setup|2902
sdk:setup|2888
sdk:setup|2936
sdk:setup|3210
sdk:setup|3151
sdk:setup|3185
sdk:setup|3222
sdk:setup|3207
sdk:setup|3194
sdk:setup|3178
sdk:setup|3150
sdk:setup|3247
sdk:setup|3883
sdk:setup|3809
sdk:setup|3735
sdk:setup|3707
sdk:setup|3837
sdk:setup|3817
